Reactivity,Sequence
0.0741865836513,C
0.225816722919,T
-0.15379544252,G
0.0,T
0.0,G
-0.319258125506,A
-0.431091158405,G
0.106112486997,T
-0.0392511187998,T
-1.0904450377,C
-0.158703869686,T
0.244933482531,T
0.190698974052,G
