Reactivity,Sequence
-1.1691432789,C
0.614993858068,A
0.613684376093,T
0.258311263249,A
0.517275960404,G
-0.822568504256,G
-2.3299353618,A
-0.60269902427,A
0.444307954234,T
-0.307814672451,T
0.527551707715,T
0.047886384308,G
0.545564059855,T
0.634063609402,T
0.343367491051,T
