Reactivity,Sequence
0.584614788838,A
0.994692857947,A
0.718136346867,A
0.194609316129,G
0.770749633542,A
0.288157381566,G
-0.0956997627366,A
0.296371904284,A
1.31837440986,A
-0.195949666203,G
-0.0943441310625,A
0.0760006623451,C
-0.584308958174,G
-0.0762606619526,A
0.0511215678589,C
-0.245484424029,G
0.0103587559648,A
-0.676843800855,A
-0.295517702783,A
0.592575078716,T
