Reactivity,Sequence
0.611315602392,G
1.13237994871,T
1.20903038858,A
-0.0689977611663,G
-0.0534828588149,T
-0.125136542321,G
-0.207535569101,G
-0.315655214083,T
0.134387558711,T
-0.281819045346,A
0.873725387632,A
0.59476136121,A
0.302883581464,C
0.903058741984,T
1.44125798757,G
1.30766381105,T
1.31992413765,A
0.088819745325,G
-1.05503836259,C
0.37898145669,A
0.469102439989,T
-0.416119057708,C
-0.126557216649,T
0.107506670465,C
0.0215536539307,A
-0.0413221586604,G
0.115831626844,C
0.11019816031,A
0.234557546852,T
0.129565199649,C
0.0364059329085,T
