Reactivity,Sequence
0.731023617822,A
0.980182847158,T
1.87731938374,T
1.29879080012,T
0.884705090579,G
0.91616473611,A
0.87287230052,A
0.757395874386,G
0.221217732084,G
0.0196091306529,C
-0.680291582818,G
-1.0857032123,A
0.0922296475416,T
-0.570199107951,C
-0.15321578977,T
-0.268343304205,T
-0.295866773078,T
0.355857700525,T
0.177143024671,A
0.178475796589,A
-0.518944675642,A
0.112583148937,A
0.448340786606,A
-0.0935627143233,G
