Reactivity,Sequence
0.0924824721258,T
0.0812013441378,G
-0.109306367401,C
0.901579578998,T
0.193093983375,C
0.0250142717428,A
-0.333345268359,G
-0.0422149374275,A
0.00727630733035,T
-0.0461240730296,G
0.745961667608,T
1.0,T
1.36257752778,A
0.830814675675,G
