Reactivity,Sequence
-0.0336209326134,G
0.00690177906891,A
-0.0230599059646,C
-0.0210736982586,T
0.0789365039053,T
0.0398250517816,G
0.0469016050509,T
0.016077172433,T
0.0396604753775,G
0.0622486525813,G
0.102011598538,C
0.488022831497,G
1.7005915834,T
0.632474177395,A
1.18857119363,G
0.61254847024,G
0.299882683247,C
0.686980711196,T
1.0450790545,A
0.805298033895,C
0.947631778187,A
1.71826738005,G
1.33456622749,A
1.26811074887,G
0.881757952034,A
1.13155424979,A
0.0271629653572,G
0.0151807232082,C
-0.0454194572814,C
0.027230862827,T
0.0311336105839,T
-0.0251782488463,C
0.0387538612462,A
0.0151660895921,A
0.00504881002102,G
0.456548715013,C
0.0203350917354,T
-0.0590279371212,C
