Reactivity,Sequence
-10.802898011,G
-3.93567160925,A
1.64788461363,T
-0.367285448564,T
0.243985896288,A
-0.013025716464,C
0.734050634594,A
0.726725800445,C
0.50979118108,A
1.68955696424,T
0.338740439864,G
0.552191509769,C
-0.00127098823248,A
0.2378066625,A
0.0501826741318,G
-0.661270910202,C
0.883239075267,A
0.685204158633,T
0.267664786427,C
0.090079330553,C
0.00486004193068,C
-0.00781850500294,C
1.56298297867,G
0.980188872201,T
1.40658312337,T
0.616326190625,C
0.052179408699,C
1.02282870004,A
0.773530419412,G
0.564843569289,T
0.214952299452,G
0.646820620831,A
0.0200480724746,G
-0.26401641285,T
0.0947734928394,T
-0.0603207069051,C
0.31149992325,A
0.0741308977542,C
0.0843738115417,C
0.0022465954116,C
