Reactivity,Sequence
0.959452657788,T
0.638305478923,G
-0.0245227234846,T
0.305598591374,G
0.177199240525,A
1.05500131942,A
2.10128438123,T
0.852869379549,A
2.14749345214,G
1.14897719048,A
0.589501220154,T
0.217115184206,G
0.247804938554,A
0.23351599706,C
0.0682786431809,C
-0.202809407326,T
-0.109203957411,G
0.0909138131675,T
0.0771582412303,T
0.258286983105,T
-0.115598474631,T
-0.490405188394,T
